firstName,lastName
Faylen,Aevyre
Naumys,Bistina
Floyd,Leozumin
Hector,Yescyne
Nabooru,Crasys
Angel,Ologolor
Almithara,Wysara
Rina,Gilric
Ilythyrra,Keazeiros
Damon,Sarwynn
Roland,Sylmys
Franklin,Iarroris
Fi,Dormaris
Bobbie,Wranran
Larry,Quigella
Mariona,Faekrana
Jordan,Elbalar
Yrthraethra,Nerifina
Lance,Vakalyn
Barry,Inamyar
Ian,Olasys
Verrona,Fatris
Eloen,Genyra
Myrrh,Herstina
Cristian,Phinala
Allan,Dajeon
Joe,Sarlamin
Claire,Daejyre
Jack,Wranrora
Justin,Shabanise
Brett,Trisrora
Leonard,Vajyre
Uschymna,Keykas
Thaola,Beiris
Wynnter,Aezeiros
Collin,Venydark
Nephenee,Syltris
Chandrelle,Yinfaren
Alvin,Norlana
Dasyra,Trasalor
Ameria,Yesnan
Bert,Ianzorwyn
Thaola,Phican
Kethryllia,Shara
Rex,Neriroris
Lee,Holasandoral
Muerlara,Grexalim
Uiathen,Urisys
Malruthiia,Enxidor
Edea,Luzana
Dwayne,Dornala
Timmy,Aethyra
Arnarra,Herxidor
Darshee,Pajyre
Will,Uriren
Shalana,Dagella
Eloen,Presfir
Keith,Waesmoira
Will,Phijeon
Lethhonel,Iarthyra
Even,Yllabalar
Jeremy,Miralen
Shyael,Leoquinal
Ronald,Olaralei
Conner,Heiren
Moryggan,Crarona
Amnestria,Fardithas
Tyler,Ulagolor
Ava,Joxidor
Alasse,Lukrana
Sheedra,Ianjor
Chalsarda,Elazorwyn
Enania,Sarqen
Isaac,Torlamin
Jhanandra,Gremaris
Lusha,Herlamin
Elisven,Beixidor
Artin,Morleth
Charlie,Eryarus
Aurae,Nerileth
Tarasynora,Aekas
Trevor,Miahice
Annallee,Erfina
Cyithrel,Xilzana
Farryn,Reyrora
Aneirin,Venvyre
Morris,Sarjor
Lyre,Miraxisys
Russell,Qinmaer
Brad,Iargolor
Ilmadia,Keynan
Lewis,Dorbalar
Ena,Ennelis
Alanis,Iankrana
Sarya,Wynrona
Chad,Keagella
Austin,Grevalur
Velatha,Sarmyar
Zilyana,Iliynore
Arthur,Joydark
Amnestria,Umeynore
Zoastria,Ianmenor
Nuala,Keyyra
Ochyllyss,Phifaren
Halaema,Ralozumin
Irvin,Mormaer
Jackson,Olorie
Pete,Waesdithas
Leslie,Yeltoris
Craig,Umeyarus
Raerauntha,Nornelis
Billie,Xyrcan
Chalsarda,Gilkas
Ahrendue,Fazorwyn
Jared,Ianharice
Cyithrel,Wynwraek
Deularla,Crakalyn
Jastra,Faven
Mack,Adlar
Gwynnestri,Olabella
Elmyra,Yinran
Lyithion,Keysys
Daryl,Uristina
Arcaena,Elaydark
Harry,Brydi
Hubert,Chaelynn
Carter,Virqirelle
Duane,Erlar
Timmy,Aemoira
Jimmie,Qinlana
Alenia,Urimaer
Brent,Petgeiros
Bonnalurie,Balrie
Jonah,Quidithas
Aaron,Magric
Ronald,Qiceran
Yrthraethra,Cardove
Bert,Pasalor
Nexxis,Miragolor
Kasula,Helegella
Justin,Permys
George,Eillynn
Solana,Keyleth
Angel,Presjyre
Charley,Reymenor
Phelorna,Vensys
Shyonia,Uriwarin
Guy,Venfaren
Sphiel,Traxisys
Timothy,Urisalor
Aelynthi,Morleth
Travis,Caiberos
Gylledha,Keyvalur
Mike,Cranelis
Dave,Oloxisys
Yaereene,Gilralei
Verrona,Inahorn
Sariandi,Bryrora
Claire,Gilcan
Jeardra,Waesthyra
Shyael,Liazorwyn
Nuovis,Farlamin
William,Glynxalim
Ara,Lorazana
Vincent,Ililee
Talila,Carcyne
Marvin,Kelhice
Raejiisa,Genfiel
Kali,Inaxina
Jonah,Qincaryn
Claire,Enkrana
Alea,Herra
Cellica,Krisvyre
Bernard,Dorcyne
Matthew,Zinphine
Lorelei,Reywynn
Meira,Faexina
Zaleria,Farsandoral
Andrew,Heleris
Darren,Neridove
Lucas,Magjor
Meriel,Beidi
Jessie,Elaren
Lura,Magnorin
Louis,Quikrana
Alea,Perkalyn
Gaylia,Naelynn
Dean,Petqen
Morris,Yelthana
Nicolas,Eilvaris
Hunter,Miaphyra
Joel,Qinleth
Billie,Loramys
Kevin,Ilirona
Rubrae,Ularie
Moryggan,Herzeiros
Leonardo,Wrankrana
Darren,Caisalor
Vincent,Waesthana
Elanalue,Mortoris
Christian,Mirasys
Johnnie,Mordithas
William,Kellynn
Rania,Dorqen
Shanyrria,Herlen
Alek,Chaeqen
Amnestria,Adtris
Filaurel,Yllaran
Terry,Errona
Nyna,Dapeiros
Pyria,Keaxalim
Lusha,Farwynn
Ioelena,Farmaris
Zoastria,Waesjeon
Lazziar,Kelneiros
Rathiain,Fenvalur
Harry,Olajeon
Nicolas,Daeqirelle
Nabooru,Miaro
Johnathan,Vaxidor
Lewis,Eilkrana
Roscoe,Elsys
Bobby,Xyrjeon
Yulmanda,Urizorwyn
Eddy,Gilstina
Dale,Qibanise
Nylaathria,Trispeiros
Art,Xyrkas
Falenas,Olarieth
Darshee,Kellana
Faylen,Glynlynn
Moryggan,Urilynn
Eallyrl,Olaqirelle
Franklin,Balsys
Yaereene,Enran
Gaelira,Fagella
Aila,Daelee
Lorelei,Ralororis
Azariah,Eilcan
Damian,Dasys
Selphie,Adxisys
Martainn,Glynrieth
Jeremy,Kelroris
Hunter,Jokas
Stephen,Dorsalor
Ratha,Balharice
Rathiain,Iarjor
Sharia,Zylralei
Joseph,Liatumal
Halanaestra,Elaydark
Ara,Krisrel
Kaylin,Farhana
Ava,Qinstina
Nanthleene,Eilzeiros
Marcus,Norwraek
Teddie,Reyro
Bryan,Olazana
Lyeyeru,Maglen
Jeffrey,Inawraek
Ashryn,Waeswarin
Duilya,Cramenor
George,Yllageiros
Rathiain,Petdan
Maelyrra,Liaxisys
Nithenoel,Wranbalar
Scott,Ravanan
Glen,Aeqen
Harry,Fenxisys
Amra,Fenphine
Ian,Naera
Gregory,Omabella
Nyna,Luyarus
Mark,Omanorin
Dannie,Reyric
Zach,Qiwynn
Brody,Wynzeiros
Ashton,Yelfiel
Gordon,Oriyra
Llorva,Aehice
Albert,Ilirel
Makaela,Iangwyn
Arnarra,Qipeiros
Llorva,Olophine
Moryggan,Fenfina
Malon,Omamenor
Drew,Qinfir
Ochyllyss,Perphine
Halaema,Heitumal
Renestrae,Reyhice
Celaena,Wysapetor
Caerthynna,Leoxalim
Alex,Urifina
Sphiel,Chaepeiros
Kasula,Umefaren
Jackson,Sarqen
Jhanandra,Shasatra
Kavrala,Fenmys
Ikeshia,Presna
Enania,Sharie
Axilya,Gilkas
Alfred,Reystina
Ikeshia,Oriquinal
Bert,Ravanorin
Greg,Hermaris
Ashera,Waesynore
Teddy,Wysalar
Ildilyntra,Heihice
Filauria,Miawraek
Celaena,Miralynn
Elanil,Heitoris
Vincent,Vastina
Elenaril,Sylhana
Saida,Quidan
Yrlissa,Miajor
Gene,Chaetumal
Lewis,Dafaren
Stephen,Cramoira
Halanaestra,Ilineiros
Arnarra,Pethorn
Seirye,Orithana
Clyde,Orifiel
Billy,Sylharice
Aleesia,Nericyne
Bob,Trapetor
Tanelia,Xilhana
Perry,Crakalyn
Eshenesra,Pamys
Freddie,Keykian
Greg,Gilthana
Ilsevel,Pethice
Jake,Leomys
Faylen,Phikas
Lethhonel,Bizorwyn
Lensa,Erleth
Zoastria,Rozumin
Meriel,Phibanise
Amra,Helefir
Eddie,Ilirora
Alvaerele,Ballana
Angel,Keldi
Rex,Torrora
Vestele,Valdove
Quamara,Phiphyra
Bobby,Caigwyn
Leilatha,Omafaren
Thalia,Balna
Bobby,Balralei
Aaron,Helexisys
Harold,Zumwarin
Malruthiia,Morrel
Charley,Yelhice
Dennis,Herric
Ray,Iliynore
Huquethae,Yinralei
Solana,Mirawynn
Talanashta,Nerilana
Nuovis,Magrie
Myantha,Bryzorwyn
Ciyradyl,Reyrona
Cremia,Caixina
Ronald,Miatris
Halaema,Xilris
Wayne,Wranmaer
Tanelia,Umebanise
Lensa,Thexalim
Azariah,Leosatra
Shyonia,Zinbanise
Celaena,Nerineiros
Valindra,Kealamin
Theo,Ervyre
Martainn,Waesgella
Itiireae,Hernala
Sana,Carcaryn
Alloralla,Yesgolor
Nabooru,Zintris
Ryan,Krislana
Soliania,Genmys
Selussa,Thestina
Harry,Yllamenor
Arthur,Qijeon
Brandon,Heihorn
Tethys,Sylgella
Jimmie,Uridithas
Jimmy,Holahana
Yrneha,Urilen
Seldanna,Yeljyre
Ryan,Nerilana
Fieryat,Orikrana
Ilmadia,Yinkrana
Fred,Sarro
Duru,Beinelis
Eshenesra,Perra
Ilsevel,Herynore
Aaron,Vallen
Nephenee,Elkalyn
Tinesia,Herjeon
Jesse,Xilris
Sariandi,Aerie
Christopher,Dasys
Sarya,Zylgella
Susklahava,Daedan
Braerindra,Ravadan
Myantha,Xyrbella
Jeffrey,Reypetor
Elias,Faerora
Isilynor,Herthana
Morris,Morxalim
Ikeshia,Chaerie
Keith,Zinjyre
Alek,Magmaris
Harry,Shakas
Rubrae,Valyra
Sean,Keaxina
Bruce,Petydark
Hognny,Gregella
Criss,Adcaryn
Lierin,Ianmyar
Arthion,Krisphyra
Stephen,Fenpeiros
Michael,Xyrcaryn
Sharaera,Quizeiros
Aaron,Sylqirelle
Seth,Brysandoral
Anarzee,Faerel
Nuovis,Heicyne
Billy,Keycan
Lyndis,Ilijyre
Keya,Urilar
Phyrra,Cranala
Naesala,Herran
Bennie,Phithana
Shane,Jomys
Calvin,Umewarin
Lensa,Joran
Cristian,Waeskian
Bradley,Zumven
Jerry,Petxisys
Lierin,Yintumal
Vaeri,Inasandoral
Dustin,Omajor
Haera,Wrangeiros
Muerlara,Ilirel
Tanelia,Shazeiros
Edea,Fafaren
Gene,Keawynn
Sharaera,Heixidor
Colin,Philar
Derek,Yesmaer
Karl,Zinfiel
Phelorna,Craric
Ahrendue,Zumnorin
Syndra,Perkian
Renestrae,Uridithas
Corey,Ertoris
Darryl,Birieth
Lucas,Dordi
Alavara,Zylphyra
Brian,Urihice
Taionia,Kearie
Eletha,Erwraek
Walter,Patoris
Barry,Farbalar
Araushnee,Joran
Micaiah,Erquinal
Eric,Ralokian
Joe,Genjyre
Imra,Prestumal
Symrustar,Leovalur
Garry,Doryarus
Terrence,Quimyar
Liluth,Genqen
Russell,Zumhorn
Omylia,Sarqen
Keith,Bilana
Lyre,Neridove
Isaac,Xyrmaris
Thasitalia,Araven
Burolia,Ilipetor
Edward,Gennala
Kenia,Biqen
Tethys,Omaydark
Guy,Thewenys
Sarya,Zinrora
Selphie,Mirawynn
Bernard,Waesjyre
Roshia,Fageiros
Alanis,Fayarus
Alek,Zumlynn
William,Iansys
Daratrine,Zumyra
Barry,Valwynn
Pete,Herrona
Earl,Farbella
Kavrala,Inalen
Luke,Zyldan
Nimronyn,Valkas
Arryn,Shabalar
Alfred,Gilgwyn
Dean,Liaxina
Richard,Xilxisys